,mean_fit_time,std_fit_time,mean_score_time,std_score_time,param_epochs,param_optimizer__emu_momentum,param_optimizer__learning_rate,params,split0_test_score,split1_test_score,split2_test_score,split3_test_score,split4_test_score,mean_test_score,std_test_score,rank_test_score
0,21.108165121078493,1.1081594559622963,0.300795316696167,0.03370754753781984,50,0.1,0.001,"{'epochs': 50, 'optimizer__emu_momentum': 0.1, 'optimizer__learning_rate': 0.001}",0.5515,0.5515,0.5515,0.5515,0.5515,0.5515,0.0,1
1,19.86887845993042,0.4328108215042446,0.32812962532043455,0.10249565805527898,50,0.1,0.01,"{'epochs': 50, 'optimizer__emu_momentum': 0.1, 'optimizer__learning_rate': 0.01}",0.5515,0.5515,0.5485,0.5515,0.5515,0.5509,0.0012000000000000012,9
2,19.747770023345947,0.29709456220808955,0.2750740051269531,0.030077658033504064,50,0.1,0.1,"{'epochs': 50, 'optimizer__emu_momentum': 0.1, 'optimizer__learning_rate': 0.1}",0.5515,0.5515,0.551,0.5515,0.5515,0.5513999999999999,0.00019999999999997797,5
3,18.392278957366944,0.9019869159899836,0.2511347770690918,0.026376494257883066,50,0.01,0.001,"{'epochs': 50, 'optimizer__emu_momentum': 0.01, 'optimizer__learning_rate': 0.001}",0.5515,0.5515,0.5515,0.5515,0.5515,0.5515,0.0,1
4,19.429501628875734,1.3266316598216004,0.24655442237854003,0.047176225540070595,50,0.01,0.01,"{'epochs': 50, 'optimizer__emu_momentum': 0.01, 'optimizer__learning_rate': 0.01}",0.5515,0.5515,0.5505,0.5515,0.5515,0.5513,0.00040000000000000034,7
5,17.89111108779907,0.7409598813380415,0.221175479888916,0.01754392141158934,50,0.01,0.1,"{'epochs': 50, 'optimizer__emu_momentum': 0.01, 'optimizer__learning_rate': 0.1}",0.5515,0.5515,0.5515,0.5515,0.5515,0.5515,0.0,1
6,19.405877017974852,1.2696409838160156,0.2690937042236328,0.032805849187674346,50,0.001,0.001,"{'epochs': 50, 'optimizer__emu_momentum': 0.001, 'optimizer__learning_rate': 0.001}",0.5515,0.5515,0.551,0.5515,0.5515,0.5513999999999999,0.00019999999999997797,5
7,19.348644638061522,1.01204616125471,0.25511837005615234,0.008471572369204854,50,0.001,0.01,"{'epochs': 50, 'optimizer__emu_momentum': 0.001, 'optimizer__learning_rate': 0.01}",0.5515,0.5515,0.5515,0.5515,0.5515,0.5515,0.0,1
8,20.27238154411316,1.8637863239717296,0.2575192451477051,0.012328016036120795,50,0.001,0.1,"{'epochs': 50, 'optimizer__emu_momentum': 0.001, 'optimizer__learning_rate': 0.1}",0.5515,0.5515,0.55,0.5515,0.5515,0.5511999999999999,0.0005999999999999784,8
