,mean_fit_time,std_fit_time,mean_score_time,std_score_time,param_epochs,param_optimizer__emu_momentum,param_optimizer__learning_rate,params,split0_test_score,split1_test_score,split2_test_score,split3_test_score,split4_test_score,mean_test_score,std_test_score,rank_test_score
0,35.04450249671936,1.660498965424838,0.49288291931152345,0.05345335930039768,50,0.1,0.001,"{'epochs': 50, 'optimizer__emu_momentum': 0.1, 'optimizer__learning_rate': 0.001}",0.8995,0.917,0.906,0.899,0.904,0.9051,0.006514598989960947,7
1,32.785100269317624,1.6242852588675367,0.44062166213989257,0.03814005210727444,50,0.1,0.01,"{'epochs': 50, 'optimizer__emu_momentum': 0.1, 'optimizer__learning_rate': 0.01}",0.9075,0.911,0.9005,0.9005,0.9095,0.9057999999999999,0.0044676615807377525,6
2,31.457684755325317,1.6517163329143278,0.4661585807800293,0.11093170814688876,50,0.1,0.1,"{'epochs': 50, 'optimizer__emu_momentum': 0.1, 'optimizer__learning_rate': 0.1}",0.91,0.9225,0.8855,0.899,0.919,0.9071999999999999,0.013559498515800666,2
3,30.540700149536132,2.2809390211435976,0.39128551483154295,0.03227956953524581,50,0.01,0.001,"{'epochs': 50, 'optimizer__emu_momentum': 0.01, 'optimizer__learning_rate': 0.001}",0.9065,0.915,0.9025,0.9005,0.905,0.9058999999999999,0.004993996395673532,5
4,33.303741216659546,0.9962104352715423,0.4813196659088135,0.10087803795862971,50,0.01,0.01,"{'epochs': 50, 'optimizer__emu_momentum': 0.01, 'optimizer__learning_rate': 0.01}",0.902,0.9045,0.8955,0.9,0.912,0.9028,0.005464430436925716,9
5,31.458361625671387,3.4462445408533573,0.3678287982940674,0.06264828124503843,50,0.01,0.1,"{'epochs': 50, 'optimizer__emu_momentum': 0.01, 'optimizer__learning_rate': 0.1}",0.903,0.915,0.898,0.902,0.9135,0.9063000000000001,0.006720119046564571,3
6,28.106852722167968,1.9921346812424072,0.3418859958648682,0.0669788204416993,50,0.001,0.001,"{'epochs': 50, 'optimizer__emu_momentum': 0.001, 'optimizer__learning_rate': 0.001}",0.8985,0.9185,0.8935,0.8905,0.9145,0.9030999999999999,0.011306635220082066,8
7,27.378269386291503,1.3718609082213715,0.29746623039245607,0.02817887499382054,50,0.001,0.01,"{'epochs': 50, 'optimizer__emu_momentum': 0.001, 'optimizer__learning_rate': 0.01}",0.9045,0.916,0.901,0.896,0.913,0.9061,0.007432361670424828,4
8,26.196538972854615,0.38792664253839576,0.28684520721435547,0.008608450359575361,50,0.001,0.1,"{'epochs': 50, 'optimizer__emu_momentum': 0.001, 'optimizer__learning_rate': 0.1}",0.9035,0.921,0.9075,0.909,0.9125,0.9107,0.005904235767650226,1
